{"BRIGHTFIELD_010.tif": {"center_x": 1194.6666666666665, "center_y": 2017.8200000000002, "width": 1000.0, "height": 2700.0, "tilt_angle": 4.0}, "BRIGHTFIELD_011.tif": {"center_x": 1144.888888888889, "center_y": 1982.295, "width": 1000.0, "height": 2700.0, "tilt_angle": 4.0}, "BRIGHTFIELD_012.tif": {"center_x": 1244.4444444444443, "center_y": 2060.4500000000003, "width": 1000.0, "height": 2700.0, "tilt_angle": 4.0}, "BRIGHTFIELD_013.tif": {"center_x": 1166.2222222222222, "center_y": 2103.08, "width": 1000.0, "height": 2700.0, "tilt_angle": 4.0}, "BRIGHTFIELD_014.tif": {"center_x": 1180.4444444444443, "center_y": 2103.08, "width": 1000.0, "height": 2700.0, "tilt_angle": 4.0}, "BRIGHTFIELD_015.tif": {"center_x": 1166.2222222222222, "center_y": 2124.395, "width": 1000.0, "height": 2700.0, "tilt_angle": 4.0}, "BRIGHTFIELD_016.tif": {"center_x": 1180.4444444444443, "center_y": 2060.4500000000003, "width": 1000.0, "height": 2700.0, "tilt_angle": 4.0}, "BRIGHTFIELD_017.tif": {"center_x": 1237.3333333333333, "center_y": 2110.185, "width": 1000.0, "height": 2700.0, "tilt_angle": 4.0}, "BRIGHTFIELD_019.tif": {"center_x": 1237.3333333333333, "center_y": 2202.55, "width": 1000.0, "height": 2700.0, "tilt_angle": 4.0}, "BRIGHTFIELD_02.tif": {"center_x": 1308.4444444444443, "center_y": 2081.7650000000003, "width": 1000.0, "height": 2700.0, "tilt_angle": 4.0}, "BRIGHTFIELD_020.tif": {"center_x": 1109.3333333333333, "center_y": 2110.185, "width": 1000.0, "height": 2700.0, "tilt_angle": 4.0}, "BRIGHTFIELD_03.tif": {"center_x": 1130.6666666666665, "center_y": 2230.9700000000003, "width": 1000.0, "height": 2700.0, "tilt_angle": 4.0}, "BRIGHTFIELD_05.tif": {"center_x": 1109.3333333333333, "center_y": 2223.8650000000002, "width": 1000.0, "height": 2700.0, "tilt_angle": 4.0}, "BRIGHTFIELD_06.tif": {"center_x": 1166.2222222222222, "center_y": 2202.55, "width": 1000.0, "height": 2700.0, "tilt_angle": 4.0}, "BRIGHTFIELD_07.tif": {"center_x": 1187.5555555555554, "center_y": 2230.9700000000003, "width": 1000.0, "height": 2700.0, "tilt_angle": 4.0}, "BRIGHTFIELD_08.tif": {"center_x": 1216.0, "center_y": 2046.2400000000002, "width": 1000.0, "height": 2700.0, "tilt_angle": 4.0}, "BRIGHTFIELD_09.tif": {"center_x": 1187.5555555555554, "center_y": 2053.3450000000003, "width": 1000.0, "height": 2700.0, "tilt_angle": 4.0}}