{"BRIGHTFIELD_01.tif": {"width": 1000, "height": 2700, "tilt_angle": -1, "center_x": 1002.6666666666666, "center_y": 1868.615}, "BRIGHTFIELD_02.tif": {"center_x": 988.4444444444443, "center_y": 1882.825, "width": 1000.0, "height": 2700.0, "tilt_angle": -1.0}, "BRIGHTFIELD_03.tif": {"center_x": 1024.0, "center_y": 2053.3450000000003, "width": 1000.0, "height": 2700.0, "tilt_angle": -1.0}, "BRIGHTFIELD_04.tif": {"center_x": 1009.7777777777777, "center_y": 1854.4050000000002, "width": 1000.0, "height": 2700.0, "tilt_angle": -1.0}, "BRIGHTFIELD_05.tif": {"center_x": 1052.4444444444443, "center_y": 1875.72, "width": 1000.0, "height": 2600.0, "tilt_angle": -1.0}, "BRIGHTFIELD_06.tif": {"center_x": 1002.6666666666666, "center_y": 2046.2400000000002, "width": 950.0, "height": 2600.0, "tilt_angle": -1.0}, "BRIGHTFIELD_07.tif": {"center_x": 1016.8888888888888, "center_y": 1882.825, "width": 950.0, "height": 2600.0, "tilt_angle": -1.0}, "BRIGHTFIELD_08.tif": {"center_x": 1059.5555555555554, "center_y": 1897.035, "width": 950.0, "height": 2600.0, "tilt_angle": -1.0}, "BRIGHTFIELD_09.tif": {"center_x": 1180.4444444444443, "center_y": 1875.72, "width": 1000.0, "height": 2600.0, "tilt_angle": -1.0}, "BRIGHTFIELD_10.tif": {"center_x": 1064, "center_y": 1824, "width": 1000.0, "height": 2600.0, "tilt_angle": -1.0}, "BRIGHTFIELD_11.tif": {"center_x": 938.6666666666666, "center_y": 1875.72, "width": 1000.0, "height": 2600.0, "tilt_angle": -2.0}}